1;Asa 
2;Bago
3;Banda 
4;Barra 
5;Bife 
6;Bisnaga  
7;Bola  
8;Cacho  
9;Caneca 
10;Caneco 
11;Casquinha  
12;Colher de arroz/servir  
13;Colher de cafe 
14;Colher de cha 
15;Colher de sobremesa  
16;Colher de sopa  
17;Concha  
18;Copo americano  
19;Copo de cafezinho  
20;Copo de requeijao  
21;Copo grande 
22;Copo medio  
23;Copo tulipa  
24;Costela 
25;Coxa  
26;Cumbuca  
27;Dose  
28;Escumadeira  
29;Espetinho  
30;Espeto 
31;Espiga  
32;Fatia  
33;File
34;Folha  
35;Garfada  
36;Garrafa (200 ml)  
37;Garrafa (237 ml) 
38;Garrafa (248 ml) 
39;Garrafa (250 ml) 
40;Garrafa (275 ml) 
41;Garrafa (284 ml)
42;Garrafa (290 ml)
43;Garrafa (300 ml) 
44;Garrafa (320 ml) 
45;Garrafa (330 ml)
46;Garrafa (350 ml) 
47;Garrafa (355 ml)
48;Garrafa (400 ml) 
49;Garrafa (450 ml)
50;Garrafa (500 ml) 
51;Garrafa (510 ml) 
52;Garrafa (550 ml) 
53;Garrafa (591 ml)
54;Garrafa (600 ml)
55;Garrafa (650 ml)
56;Garrafa (900 ml)
57;Garrafa (910 ml)
58;Garrafa (980 ml)
59;Garrafa (1 l)
60;Garrafa (1,25 l)
61;Garrafa (1,5 l)
62;Garrafa (1,75 l) 
63;Garrafa (2 l) 
64;Garrafa (2,25 l)
65;Garrafa (2,5 l)
66;Garrafa (nao especificada)
67;Gomo
68;Grama
69;Lata (250 ml)
70;Lata (335 ml)
71;Lata (340 ml)
72;Lata (350 ml)
73;Lata (354 ml)
74;Lata (473 ml) 
75;Lata (nao especificada)
76;Litro
77;Maco 
78;Metade
79;Mililitro
80;Pacote
81;Pedaco
82;Pegador
83;Peito 
84;Pescoco
85;Pires
86;Ponta de faca 
87;Porcao
88;Punhado
89;Posta
90;Pote
91;Prato de sobremesa
92;Prato fundo
93;Prato raso
94;Quilo 
95;Ramo 
96;Rodela
97;Sache
98;Saco 
99;Sobrecoxa
100;Tablete 
101;Taca
102;Tigela 
103;Unidade
104;Unidade pequena
105;Xicara de cafe
106;Xicara de cha